wavelength,Vr (V),I_photo (A),sigma_photo (A)
1700A,0.0,1.51419067084178e-10,4.9818198994779624e-12
1700A,0.03073,1.52288267084178e-10,4.914441550542809e-12
1700A,0.06146,1.51021067084178e-10,5.2067094390316814e-12
1700A,0.09219,1.46913667084178e-10,5.102284784086989e-12
1700A,0.12292,1.55805067084178e-10,5.050349216930113e-12
1700A,0.15365,1.5110486708417798e-10,4.876956745941736e-12
1700A,0.18438,1.40017867084178e-10,4.896482010489838e-12
1700A,0.21512,1.35134067084178e-10,4.68810138747549e-12
1700A,0.24585,1.50995267084178e-10,5.159105956876114e-12
1700A,0.27658,1.51584867084178e-10,4.804556176181272e-12
1700A,0.30731,1.5192006708417798e-10,4.461600913486841e-12
1700A,0.33804,1.4335916708417798e-10,4.805457629471059e-12
1700A,0.36877,1.48890467084178e-10,4.8576230936591414e-12
1700A,0.3995,1.45401567084178e-10,4.30644602442369e-12
1700A,0.43023,1.42703667084178e-10,4.903066969887482e-12
1700A,0.46096,1.48930367084178e-10,5.158203100032666e-12
1700A,0.49169,1.46878767084178e-10,4.465741618614943e-12
1700A,0.52242,1.44211567084178e-10,4.748315237192516e-12
1700A,0.55315,1.45915667084178e-10,4.550568355584895e-12
1700A,0.58388,1.3935976708417798e-10,4.650468145342962e-12
1700A,0.61461,1.4136326708417798e-10,4.73389461575927e-12
1700A,0.64535,1.39439667084178e-10,4.51838409443405e-12
1700A,0.67608,1.36487767084178e-10,4.463136030402234e-12
1700A,0.70681,1.26327167084178e-10,3.730136225349767e-12
1700A,0.73754,1.3768986708417798e-10,4.351590622042772e-12
1700A,0.76827,1.32649167084178e-10,4.413107235205781e-12
1700A,0.799,1.41631967084178e-10,4.187569519578942e-12
1700A,0.82973,1.26359767084178e-10,4.218527561063293e-12
1700A,0.86046,1.37644667084178e-10,4.466532873250304e-12
1700A,0.89119,1.31453967084178e-10,4.409026079694881e-12
1700A,0.92192,1.25025667084178e-10,4.158522689887192e-12
1700A,0.95265,1.2706616708417798e-10,4.57051676879044e-12
1700A,0.98338,1.25254867084178e-10,4.073038769770134e-12
1700A,1.01411,1.2153206708417799e-10,4.373483712948478e-12
1700A,1.04484,1.2938496708417798e-10,4.396268469393288e-12
1700A,1.07558,1.2238366708417798e-10,4.137621802367346e-12
1700A,1.10631,1.27116267084178e-10,3.5413112600428966e-12
1700A,1.13704,1.25613467084178e-10,4.074737922574851e-12
1700A,1.16777,1.25606267084178e-10,3.6916081436173056e-12
1700A,1.1985,1.20502067084178e-10,3.8301779635043865e-12
1700A,1.22923,1.2113106708417798e-10,3.921688553652701e-12
1700A,1.25996,1.1828566708417798e-10,3.794479425207312e-12
1700A,1.29069,1.12777167084178e-10,3.925533488705658e-12
1700A,1.32142,1.1224996708417801e-10,3.879707735050361e-12
1700A,1.35215,1.07806567084178e-10,3.556234396148067e-12
1700A,1.38288,1.1193796708417801e-10,3.3393827426736527e-12
1700A,1.41361,1.1083046708417801e-10,3.4462704939680244e-12
1700A,1.44434,1.09470067084178e-10,3.543758785751312e-12
1700A,1.47508,1.02072767084178e-10,3.160553866289042e-12
1700A,1.50581,9.4320377084178e-11,3.2436547027812027e-12
1700A,1.53654,1.05058767084178e-10,3.1698532187712744e-12
1700A,1.56727,9.584289708417801e-11,3.352103897532207e-12
1700A,1.598,1.0165116708417801e-10,3.400532121084818e-12
1700A,1.62873,9.3895847084178e-11,3.1405036116345428e-12
1700A,1.65946,9.493434708417801e-11,3.1069339451654922e-12
1700A,1.69019,9.405513708417801e-11,3.0657675149804836e-12
1700A,1.72092,8.7080927084178e-11,2.709225991284339e-12
1700A,1.75165,9.0351987084178e-11,2.865377533030265e-12
1700A,1.78238,8.9580907084178e-11,2.8547907725342342e-12
1700A,1.81311,8.807654708417801e-11,2.793445760948583e-12
1700A,1.84384,7.889061708417801e-11,2.8576741088981105e-12
1700A,1.87457,7.9463917084178e-11,3.0118371933865567e-12
1700A,1.90531,8.296940708417801e-11,2.5562234544645367e-12
1700A,1.93604,7.7916937084178e-11,2.4979112032075137e-12
1700A,1.96677,7.6849997084178e-11,2.4405060300344702e-12
1700A,1.9975,7.196387708417801e-11,2.390834765019659e-12
1700A,2.02823,6.6157687084178e-11,2.4147776229811742e-12
1700A,2.05896,6.5918957084178e-11,2.5431772000382923e-12
1700A,2.08969,6.8049367084178e-11,2.406110964505712e-12
1700A,2.12042,6.233707708417801e-11,2.292598696515945e-12
1700A,2.15115,5.999089708417801e-11,2.1073028195896783e-12
1700A,2.18188,5.8397577084178e-11,2.0030418448076934e-12
1700A,2.21261,5.9307867084178e-11,1.945283853850026e-12
1700A,2.24334,5.1919787084177996e-11,1.812519331647144e-12
1700A,2.27407,5.0348637084178e-11,1.9153670170874847e-12
1700A,2.3048,4.6312427084178e-11,1.8720938518967495e-12
1700A,2.33554,4.9394527084177996e-11,1.9497241142688904e-12
1700A,2.36627,4.4811487084178e-11,1.6856053565560977e-12
1700A,2.397,4.3045697084177996e-11,1.6623418116773125e-12
1700A,2.42773,3.7740347084178e-11,1.6077807455777697e-12
1700A,2.45846,3.7585987084177996e-11,1.5693584421191385e-12
1700A,2.48919,3.4363037084177996e-11,1.4528338599009212e-12
1700A,2.51992,3.2884797084178e-11,1.37629203336596e-12
1700A,2.55065,2.9715187084178e-11,1.3779297468545373e-12
1700A,2.58138,2.8114097084178e-11,1.275687106995524e-12
1700A,2.61211,2.5605397084177998e-11,1.2458395791732615e-12
1700A,2.64284,2.3291267084178e-11,1.313712237215445e-12
1700A,2.67357,2.1198077084178e-11,1.2484276893443244e-12
1700A,2.7043,1.8768297084178e-11,1.137375847018961e-12
1700A,2.73504,1.5453747084178e-11,1.1246354778935347e-12
1700A,2.76577,1.4317667084178e-11,1.067495845789509e-12
1700A,2.7965,1.1576747084178e-11,1.0513651123913372e-12
1700A,2.82723,8.655809084178e-12,1.0491723080731874e-12
1700A,2.85796,5.658406084178e-12,1.0359701366431463e-12
1700A,2.88869,3.038307084178e-12,9.731125396952292e-13
1700A,2.91942,6.398224841780001e-13,9.933687537248437e-13
1700A,2.95015,-3.18227015822e-13,1.010295284209448e-12
1700A,2.98088,6.658135841780001e-13,1.0168054818803149e-12
1700A,3.01161,2.60364484178e-13,1.0353539327607005e-12
1700A,3.04234,-6.755577582200001e-14,1.058738270868041e-12
1800A,0.0,2.96832867084178e-10,8.732393038870078e-12
1800A,0.02673,2.92190267084178e-10,9.434465864276294e-12
1800A,0.05345,3.04273167084178e-10,9.003828941657523e-12
1800A,0.08018,2.94766667084178e-10,8.931027465686723e-12
1800A,0.10691,3.00657667084178e-10,8.671057207119938e-12
1800A,0.13363,2.66580167084178e-10,9.034458495040508e-12
1800A,0.16036,2.95955267084178e-10,8.95287756185181e-12
1800A,0.18709,2.98146167084178e-10,9.398163040373933e-12
1800A,0.21381,2.78624767084178e-10,8.776861217082199e-12
1800A,0.24054,2.95290167084178e-10,9.67994719474495e-12
1800A,0.26727,2.79893667084178e-10,9.604488575344634e-12
1800A,0.29399,3.01725367084178e-10,9.724444178537385e-12
1800A,0.32072,2.85130167084178e-10,8.612102899756924e-12
1800A,0.34745,2.9203216708417797e-10,8.810027766236074e-12
1800A,0.37417,2.92187267084178e-10,8.397163252486318e-12
1800A,0.4009,2.79530667084178e-10,7.878798733244911e-12
1800A,0.42763,2.73484967084178e-10,8.749299988711933e-12
1800A,0.45435,2.73740567084178e-10,9.594460588320462e-12
1800A,0.48108,2.76045567084178e-10,8.957253005941588e-12
1800A,0.50781,2.97637167084178e-10,8.187540336434477e-12
1800A,0.53453,2.78490567084178e-10,8.537976964894354e-12
1800A,0.56126,2.77631867084178e-10,8.846658364095825e-12
1800A,0.58799,2.65541567084178e-10,9.236673148604242e-12
1800A,0.61471,2.75816167084178e-10,8.970142210011256e-12
1800A,0.64144,2.85484667084178e-10,8.047392409723141e-12
1800A,0.66817,2.74821067084178e-10,8.664278287152462e-12
1800A,0.69489,2.37353767084178e-10,7.638930752142384e-12
1800A,0.72162,2.48866967084178e-10,7.880773237196627e-12
1800A,0.74835,2.53205967084178e-10,8.04144894124968e-12
1800A,0.77508,2.6215686708417797e-10,8.388018911469478e-12
1800A,0.8018,2.67277967084178e-10,7.600318515993039e-12
1800A,0.82853,2.5941276708417797e-10,7.99370135028834e-12
1800A,0.85526,2.4479746708417797e-10,7.579960972703395e-12
1800A,0.88198,2.27112067084178e-10,7.401694465450098e-12
1800A,0.90871,2.45535667084178e-10,7.464288530558396e-12
1800A,0.93544,2.42672867084178e-10,7.11954958332208e-12
1800A,0.96216,2.36187267084178e-10,7.589731574532172e-12
1800A,0.98889,2.33388267084178e-10,7.675247201081838e-12
1800A,1.01562,2.3631746708417797e-10,7.669168799899675e-12
1800A,1.04234,2.32363267084178e-10,7.427914940957968e-12
1800A,1.06907,2.4336816708417797e-10,7.32626942589075e-12
1800A,1.0958,2.31122567084178e-10,7.839506697810112e-12
1800A,1.12252,2.2142496708417798e-10,7.096165427806035e-12
1800A,1.14925,2.23410267084178e-10,6.668597322081054e-12
1800A,1.17598,2.14069567084178e-10,6.8208707924360075e-12
1800A,1.2027,2.1208476708417798e-10,6.5193112959921326e-12
1800A,1.22943,2.12413867084178e-10,7.1744748941972475e-12
1800A,1.25616,2.03719567084178e-10,7.194339934714971e-12
1800A,1.28288,2.1059796708417798e-10,6.651688430272844e-12
1800A,1.30961,1.88849867084178e-10,6.204576359475448e-12
1800A,1.33634,1.9629656708417798e-10,5.883753015148546e-12
1800A,1.36306,1.89047567084178e-10,5.906859479438681e-12
1800A,1.38979,1.83138267084178e-10,5.898572348512952e-12
1800A,1.41652,1.94203567084178e-10,6.032908889610517e-12
1800A,1.44324,1.8478086708417798e-10,6.036293941332015e-12
1800A,1.46997,1.73803767084178e-10,5.491920244752796e-12
1800A,1.4967,1.68229267084178e-10,5.272691035935503e-12
1800A,1.52342,1.73731067084178e-10,5.479668765163329e-12
1800A,1.55015,1.6507186708417799e-10,5.362864397507232e-12
1800A,1.57688,1.64612767084178e-10,4.817069137688872e-12
1800A,1.6036,1.61712367084178e-10,5.159897939211066e-12
1800A,1.63033,1.5721026708417798e-10,4.912071055600337e-12
1800A,1.65706,1.46276667084178e-10,5.203426090066967e-12
1800A,1.68378,1.46629167084178e-10,4.5267069266991e-12
1800A,1.71051,1.38464267084178e-10,4.610995064793131e-12
1800A,1.73724,1.35272267084178e-10,4.442561146751569e-12
1800A,1.76396,1.28965667084178e-10,4.580603389972288e-12
1800A,1.79069,1.3583386708417798e-10,3.833035844152988e-12
1800A,1.81742,1.29320367084178e-10,3.935533109740231e-12
1800A,1.84414,1.17256367084178e-10,4.065467150051346e-12
1800A,1.87087,1.19315967084178e-10,3.6272757086753978e-12
1800A,1.8976,1.10063667084178e-10,3.6147071687606466e-12
1800A,1.92432,1.1303386708417801e-10,3.679007885184484e-12
1800A,1.95105,9.9463087084178e-11,3.26164360929434e-12
1800A,1.97778,9.757264708417801e-11,3.3181475155257355e-12
1800A,2.0045,9.1442717084178e-11,3.1806813489297552e-12
1800A,2.03123,8.8232207084178e-11,2.9039817311840322e-12
1800A,2.05796,8.389203708417801e-11,3.082926291509677e-12
1800A,2.08468,7.3738747084178e-11,2.6913352073739547e-12
1800A,2.11141,7.3168157084178e-11,2.782911996162762e-12
1800A,2.13814,6.940054708417801e-11,2.332904754384458e-12
1800A,2.16486,6.481069708417801e-11,2.2778091521131895e-12
1800A,2.19159,5.7908627084177996e-11,2.3144177058747648e-12
1800A,2.21832,5.4480697084178e-11,2.0091165645752385e-12
1800A,2.24505,5.1079267084178e-11,1.887978087401072e-12
1800A,2.27177,4.7328337084178e-11,1.9195895851201134e-12
1800A,2.2985,4.1550217084178e-11,1.6364991300781707e-12
1800A,2.32523,3.6516727084178e-11,1.4815456381747439e-12
1800A,2.35195,2.9377657084178e-11,1.4898508150531748e-12
1800A,2.37868,2.6169477084178e-11,1.380781848166324e-12
1800A,2.40541,2.1686667084178e-11,1.2940567944652233e-12
1800A,2.43213,1.5808467084177998e-11,1.1266962707836123e-12
1800A,2.45886,1.2326757084178e-11,1.0516000781704513e-12
1800A,2.48559,6.861691084178e-12,1.0349474252385284e-12
1800A,2.51231,1.571990084178e-12,9.985336771434448e-13
1800A,2.53904,2.3860964177999997e-14,1.0003149667908898e-12
1800A,2.56577,-8.59141815822e-13,9.944877102079288e-13
1800A,2.59249,-3.42405815822e-13,1.0537022839577882e-12
1800A,2.61922,-6.8353185822e-14,1.0178602457394724e-12
1800A,2.64595,-2.47268115822e-13,1.0379928134489029e-12
1900A,0.0,5.54977967084178e-10,1.7506859514885176e-11
1900A,0.02272,4.97881867084178e-10,1.62654983540845e-11
1900A,0.04545,5.36444567084178e-10,1.6739975098844248e-11
1900A,0.06817,5.27782067084178e-10,1.618553910052815e-11
1900A,0.09089,5.39252167084178e-10,1.7323979792193407e-11
1900A,0.11361,5.35354667084178e-10,1.6859642384995167e-11
1900A,0.13634,5.152078670841779e-10,1.6738866150902385e-11
1900A,0.15906,5.13622467084178e-10,1.697609422748135e-11
1900A,0.18178,4.92453567084178e-10,1.644958544314797e-11
1900A,0.2045,5.05545867084178e-10,1.7067480385347615e-11
1900A,0.22723,5.253782670841779e-10,1.6614704832052405e-11
1900A,0.24995,5.03597867084178e-10,1.763113250085557e-11
1900A,0.27267,5.08992967084178e-10,1.7373406141347918e-11
1900A,0.2954,5.19044367084178e-10,1.7219852573199505e-11
1900A,0.31812,5.12355067084178e-10,1.588161344857397e-11
1900A,0.34084,5.27820667084178e-10,1.5325690748133527e-11
1900A,0.36356,5.27723967084178e-10,1.7326877226445785e-11
1900A,0.38629,4.970558670841779e-10,1.580667281987976e-11
1900A,0.40901,4.71287067084178e-10,1.5928673988057684e-11
1900A,0.43173,4.87024167084178e-10,1.6643347296440267e-11
1900A,0.45445,4.996121670841779e-10,1.747715531942843e-11
1900A,0.47718,4.90876167084178e-10,1.5736367969703986e-11
1900A,0.4999,4.84055567084178e-10,1.5535036944321232e-11
1900A,0.52262,4.98761767084178e-10,1.665558556002837e-11
1900A,0.54535,4.90050967084178e-10,1.5774587033590628e-11
1900A,0.56807,4.87779367084178e-10,1.5639792304053324e-11
1900A,0.59079,4.76277267084178e-10,1.3304207732722216e-11
1900A,0.61351,4.83937967084178e-10,1.6354199704645457e-11
1900A,0.63624,4.68640967084178e-10,1.6367916082199516e-11
1900A,0.65896,4.76034367084178e-10,1.4099000554770737e-11
1900A,0.68168,4.64840167084178e-10,1.535940266644265e-11
1900A,0.7044,4.59541367084178e-10,1.4497701755872397e-11
1900A,0.72713,4.82026867084178e-10,1.3072901578235246e-11
1900A,0.74985,4.41040467084178e-10,1.3614062608946882e-11
1900A,0.77257,4.48667467084178e-10,1.4175528706962772e-11
1900A,0.7953,4.45662067084178e-10,1.4065365669197e-11
1900A,0.81802,4.20822967084178e-10,1.4345186799297024e-11
1900A,0.84074,4.38167767084178e-10,1.3702486512594188e-11
1900A,0.86346,4.10700367084178e-10,1.4128311415662015e-11
1900A,0.88619,4.12459567084178e-10,1.3688835872444582e-11
1900A,0.90891,4.2133716708417797e-10,1.4911972140646774e-11
1900A,0.93163,4.39214367084178e-10,1.3002282124316702e-11
1900A,0.95435,4.04824767084178e-10,1.3958140943905303e-11
1900A,0.97708,3.91927067084178e-10,1.2799566243975833e-11
1900A,0.9998,3.8398936708417797e-10,1.2411715953643382e-11
1900A,1.02252,4.0034146708417797e-10,1.1402564148709079e-11
1900A,1.04525,4.07075967084178e-10,1.0432236803074671e-11
1900A,1.06797,3.63021367084178e-10,1.2636774077284347e-11
1900A,1.09069,3.57176967084178e-10,1.1765224400215475e-11
1900A,1.11341,3.78931767084178e-10,1.0810982193021392e-11
1900A,1.13614,3.6437626708417797e-10,1.1620985265984362e-11
1900A,1.15886,3.5256086708417797e-10,1.072986845342596e-11
1900A,1.18158,3.30820867084178e-10,1.2059971412131358e-11
1900A,1.2043,3.42771867084178e-10,1.018544566724135e-11
1900A,1.22703,3.29354567084178e-10,1.0563718942277177e-11
1900A,1.24975,3.29652167084178e-10,1.0796874386850374e-11
1900A,1.27247,3.1524746708417797e-10,9.51874961703829e-12
1900A,1.2952,3.00880967084178e-10,9.885405845997504e-12
1900A,1.31792,3.07917867084178e-10,1.066640616318006e-11
1900A,1.34064,2.96946167084178e-10,9.419274447659206e-12
1900A,1.36336,2.94327867084178e-10,8.787427660226548e-12
1900A,1.38609,2.80881167084178e-10,9.4702022129797e-12
1900A,1.40881,2.83761167084178e-10,8.281775240455733e-12
1900A,1.43153,2.75128567084178e-10,8.974043281666387e-12
1900A,1.45425,2.50691367084178e-10,7.461267036009475e-12
1900A,1.47698,2.60337767084178e-10,7.862450243788547e-12
1900A,1.4997,2.57805767084178e-10,8.488449375356292e-12
1900A,1.52242,2.2326426708417798e-10,7.491804973220378e-12
1900A,1.54515,2.47161067084178e-10,6.144151564558089e-12
1900A,1.56787,2.0831866708417798e-10,6.9177312277094585e-12
1900A,1.59059,2.17708867084178e-10,6.781184536896973e-12
1900A,1.61331,2.03915167084178e-10,6.69903085275733e-12
1900A,1.63604,1.96848367084178e-10,6.115577595132091e-12
1900A,1.65876,1.92806167084178e-10,6.4363700389164705e-12
1900A,1.68148,1.76015667084178e-10,5.841777997417105e-12
1900A,1.7042,1.73280067084178e-10,5.190828752429674e-12
1900A,1.72693,1.69715167084178e-10,5.5588039710422065e-12
1900A,1.74965,1.52766467084178e-10,4.872310536924511e-12
1900A,1.77237,1.54051167084178e-10,4.680082206758938e-12
1900A,1.7951,1.29043367084178e-10,4.246924223026544e-12
1900A,1.81782,1.25673467084178e-10,4.213271859534655e-12
1900A,1.84054,1.2011806708417798e-10,4.16962176619434e-12
1900A,1.86326,1.1617986708417801e-10,3.607315406967709e-12
1900A,1.88599,1.06462867084178e-10,3.2272531428065274e-12
1900A,1.90871,9.3906307084178e-11,3.4327299544079506e-12
1900A,1.93143,8.8913237084178e-11,2.877885344441229e-12
1900A,1.95415,7.497764708417801e-11,2.5655599281407577e-12
1900A,1.97688,7.0870527084178e-11,2.426695068423227e-12
1900A,1.9996,6.253640708417801e-11,2.3683074794144886e-12
1900A,2.02232,5.0323827084177996e-11,2.0681231114422586e-12
1900A,2.04505,4.4326217084178e-11,1.9069589593333175e-12
1900A,2.06777,3.5155567084178e-11,1.690049592636148e-12
1900A,2.09049,2.5727677084177997e-11,1.3449108757038918e-12
1900A,2.11321,1.7755757084177998e-11,1.0836840137686674e-12
1900A,2.13594,1.0035767084178e-11,1.049592073723963e-12
1900A,2.15866,3.3290218417799997e-13,9.541246436080033e-13
1900A,2.18138,-1.853884915822e-12,1.0000711573916975e-12
1900A,2.2041,3.53671784178e-13,1.0063642405181233e-12
1900A,2.22683,-5.36416415822e-13,1.0582742539378057e-12
1900A,2.24955,-6.932984158219999e-13,1.0262667117688506e-12
2000A,0.0,9.01048767084178e-10,2.951317584554779e-11
2000A,0.01872,9.07172567084178e-10,2.7450222136083446e-11
2000A,0.03744,8.75387167084178e-10,2.740609771393815e-11
2000A,0.05616,9.21103167084178e-10,2.8609290152290138e-11
2000A,0.07487,8.82510167084178e-10,2.5286650031989716e-11
2000A,0.09359,8.82769067084178e-10,3.035840531275359e-11
2000A,0.11231,9.12533567084178e-10,2.489813394651747e-11
2000A,0.13103,8.57106767084178e-10,2.899258742476645e-11
2000A,0.14975,9.41657167084178e-10,2.750635239190805e-11
2000A,0.16847,8.43175567084178e-10,2.7885781011214757e-11
2000A,0.18719,8.64364367084178e-10,2.5561217199240055e-11
2000A,0.20591,8.72890867084178e-10,2.7695586417655534e-11
2000A,0.22462,8.70687467084178e-10,2.8059921903480512e-11
2000A,0.24334,8.58315767084178e-10,2.8278738664239002e-11
2000A,0.26206,8.87227067084178e-10,2.6558247101048024e-11
2000A,0.28078,8.54213267084178e-10,2.475245673485211e-11
2000A,0.2995,8.52527367084178e-10,2.8483111276367364e-11
2000A,0.31822,8.47765567084178e-10,2.5276974053053216e-11
2000A,0.33694,8.63587267084178e-10,2.8450222055546873e-11
2000A,0.35566,8.544116670841779e-10,2.9864260058717775e-11
2000A,0.37437,8.10058867084178e-10,2.588894565512326e-11
2000A,0.39309,8.39477067084178e-10,2.8719524520719794e-11
2000A,0.41181,8.53854367084178e-10,2.6139787201787346e-11
2000A,0.43053,8.46370767084178e-10,2.852203855040389e-11
2000A,0.44925,7.91265367084178e-10,2.714884954252621e-11
2000A,0.46797,8.16983467084178e-10,2.2681106837582368e-11
2000A,0.48669,7.78839467084178e-10,2.6096534043190972e-11
2000A,0.50541,8.14110467084178e-10,2.3399267359133822e-11
2000A,0.52412,7.67576067084178e-10,2.3819197211919754e-11
2000A,0.54284,7.92257267084178e-10,2.72976262233152e-11
2000A,0.56156,7.70075867084178e-10,2.6598761867918323e-11
2000A,0.58028,7.81066467084178e-10,2.600665921682994e-11
2000A,0.599,7.39651367084178e-10,2.6564634696291717e-11
2000A,0.61772,7.86986267084178e-10,2.4012027651964873e-11
2000A,0.63644,7.83335367084178e-10,2.4906490367105636e-11
2000A,0.65516,7.43244867084178e-10,2.4254167208672112e-11
2000A,0.67387,7.530923670841779e-10,2.4393854493267882e-11
2000A,0.69259,7.41797367084178e-10,2.3458578655268647e-11
2000A,0.71131,7.83774967084178e-10,2.2370169644144982e-11
2000A,0.73003,7.41123367084178e-10,2.3438738240910615e-11
2000A,0.74875,7.12433967084178e-10,2.239304751108981e-11
2000A,0.76747,6.86761067084178e-10,2.2163840201495444e-11
2000A,0.78619,6.662357670841779e-10,2.106454577676494e-11
2000A,0.8049,7.28914167084178e-10,2.0522678818454124e-11
2000A,0.82362,6.80685267084178e-10,2.0503291061032753e-11
2000A,0.84234,6.69002067084178e-10,2.0567580553548967e-11
2000A,0.86106,6.59382767084178e-10,2.1849262783213664e-11
2000A,0.87978,6.06811167084178e-10,1.959182398886652e-11
2000A,0.8985,6.14585967084178e-10,2.0219662847305976e-11
2000A,0.91722,6.61396267084178e-10,1.8734005077578195e-11
2000A,0.93594,6.33259567084178e-10,1.8955829075253488e-11
2000A,0.95465,6.12877067084178e-10,1.7977232275003446e-11
2000A,0.97337,5.888119670841779e-10,1.9618765363058034e-11
2000A,0.99209,5.89083867084178e-10,1.762122098040671e-11
2000A,1.01081,5.96367767084178e-10,1.706816975630151e-11
2000A,1.02953,5.95989667084178e-10,1.792835258325275e-11
2000A,1.04825,5.61309967084178e-10,1.5871274354298886e-11
2000A,1.06697,5.725889670841779e-10,1.740791581130336e-11
2000A,1.08569,5.23481567084178e-10,1.684571542025822e-11
2000A,1.1044,5.40482767084178e-10,1.6076650354931697e-11
2000A,1.12312,5.14601667084178e-10,1.616344155673307e-11
2000A,1.14184,5.05028267084178e-10,1.4900455923720105e-11
2000A,1.16056,4.82467367084178e-10,1.4855899452346382e-11
2000A,1.17928,4.36927067084178e-10,1.4112772145128881e-11
2000A,1.198,4.67562467084178e-10,1.399035706101619e-11
2000A,1.21672,4.55226667084178e-10,1.2936546113160406e-11
2000A,1.23544,4.50955167084178e-10,1.4611568797015793e-11
2000A,1.25415,4.1242706708417797e-10,1.2862404677210465e-11
2000A,1.27287,4.01868367084178e-10,1.3527517625648308e-11
2000A,1.29159,4.03853567084178e-10,1.3189990903724143e-11
2000A,1.31031,3.93375167084178e-10,1.1590146226265897e-11
2000A,1.32903,3.80776667084178e-10,1.287112066792265e-11
2000A,1.34775,3.48198267084178e-10,1.179227249877756e-11
2000A,1.36647,3.4338496708417797e-10,1.1615106860925801e-11
2000A,1.38519,3.27635267084178e-10,1.1483749065088701e-11
2000A,1.4039,3.16190267084178e-10,9.68233739609138e-12
2000A,1.42262,3.0894606708417797e-10,8.922726257108957e-12
2000A,1.44134,3.05829467084178e-10,9.014937433175819e-12
2000A,1.46006,2.6708556708417797e-10,8.79260179143276e-12
2000A,1.47878,2.6652896708417797e-10,8.477313683307327e-12
2000A,1.4975,2.5723806708417797e-10,9.109627861351231e-12
2000A,1.51622,2.42258267084178e-10,7.953623738240928e-12
2000A,1.53493,2.20414067084178e-10,7.283379400876122e-12
2000A,1.55365,2.1098436708417798e-10,6.713298881133299e-12
2000A,1.57237,1.95906667084178e-10,6.284876078956657e-12
2000A,1.59109,1.7574736708417798e-10,6.483535118997167e-12
2000A,1.60981,1.70234867084178e-10,5.267688543235032e-12
2000A,1.62853,1.5596616708417798e-10,4.797405974099504e-12
2000A,1.64725,1.50160267084178e-10,4.258337907704672e-12
2000A,1.66597,1.26482267084178e-10,4.026551982000805e-12
2000A,1.68468,1.0947126708417801e-10,3.447629083708775e-12
2000A,1.7034,9.7840947084178e-11,3.3475388791035136e-12
2000A,1.72212,8.8119567084178e-11,2.898567019909426e-12
2000A,1.74084,7.0626557084178e-11,2.574149356186352e-12
2000A,1.75956,5.6958827084178e-11,2.090794426793225e-12
2000A,1.77828,4.0043507084177996e-11,1.7713833490302454e-12
2000A,1.797,2.8353487084177997e-11,1.429203649279769e-12
2000A,1.81572,1.3583567084178e-11,1.0813053475553744e-12
2000A,1.83443,-6.874306158219999e-13,1.0196353594378968e-12
2000A,1.85315,-7.819816158219999e-13,1.0172287424735153e-12
2100A,0.0,1.490593467084178e-09,4.2443104845667524e-11
2100A,0.01572,1.483695467084178e-09,4.6636942305218995e-11
2100A,0.03143,1.3770114670841781e-09,4.5217521014981854e-11
2100A,0.04715,1.357335467084178e-09,4.518853478144014e-11
2100A,0.06286,1.419998467084178e-09,4.371825238238859e-11
2100A,0.07858,1.465883467084178e-09,4.433250823411896e-11
2100A,0.09429,1.393650467084178e-09,4.575636186730131e-11
2100A,0.11001,1.376839467084178e-09,4.7147610642939544e-11
2100A,0.12573,1.4137404670841782e-09,4.7011156988292955e-11
2100A,0.14144,1.391450467084178e-09,4.456869649569556e-11
2100A,0.15716,1.427075467084178e-09,4.496161443522603e-11
2100A,0.17287,1.403757467084178e-09,4.6245230526811365e-11
2100A,0.18859,1.4641814670841781e-09,4.4389260577038514e-11
2100A,0.2043,1.4130404670841781e-09,4.826281052170424e-11
2100A,0.22002,1.4598954670841782e-09,4.176474645451503e-11
2100A,0.23574,1.324209467084178e-09,4.636108617954745e-11
2100A,0.25145,1.374310467084178e-09,4.183013651641512e-11
2100A,0.26717,1.4417724670841781e-09,4.3803590550532795e-11
2100A,0.28288,1.385304467084178e-09,4.511585424680248e-11
2100A,0.2986,1.3561114670841781e-09,4.351171121077549e-11
2100A,0.31431,1.298775467084178e-09,4.574355349205313e-11
2100A,0.33003,1.3951674670841782e-09,4.435990453533716e-11
2100A,0.34575,1.387301467084178e-09,4.360668792029298e-11
2100A,0.36146,1.3218094670841781e-09,4.1825947152190414e-11
2100A,0.37718,1.3014344670841782e-09,4.2878421335104273e-11
2100A,0.39289,1.3057794670841781e-09,4.5040094145747805e-11
2100A,0.40861,1.345731467084178e-09,4.296832837847344e-11
2100A,0.42432,1.363822467084178e-09,4.175588780326345e-11
2100A,0.44004,1.3185054670841781e-09,3.7467235673856774e-11
2100A,0.45576,1.228734467084178e-09,4.171152456628055e-11
2100A,0.47147,1.207168467084178e-09,4.023021895195483e-11
2100A,0.48719,1.2477984670841782e-09,4.0754014124596676e-11
2100A,0.5029,1.2170274670841782e-09,3.8062964754442415e-11
2100A,0.51862,1.2342704670841781e-09,3.8751000893400496e-11
2100A,0.53433,1.2217994670841782e-09,3.823503336033494e-11
2100A,0.55005,1.223388467084178e-09,3.796364300538511e-11
2100A,0.56577,1.193335467084178e-09,3.95705989713313e-11
2100A,0.58148,1.211373467084178e-09,3.670629259270712e-11
2100A,0.5972,1.1527774670841781e-09,3.873611352685535e-11
2100A,0.61291,1.195526467084178e-09,3.9045459218882614e-11
2100A,0.62863,1.137790467084178e-09,3.468934320903071e-11
2100A,0.64434,1.0920164670841781e-09,3.53144377118513e-11
2100A,0.66006,1.1566594670841781e-09,3.41349175419749e-11
2100A,0.67578,1.115361467084178e-09,3.419312429930067e-11
2100A,0.69149,1.081190467084178e-09,3.545744738442723e-11
2100A,0.70721,1.0596264670841782e-09,3.4690572937676096e-11
2100A,0.72292,1.0643154670841782e-09,3.560548624718844e-11
2100A,0.73864,1.065917467084178e-09,3.3559690883353285e-11
2100A,0.75435,1.034398467084178e-09,3.1717010604207727e-11
2100A,0.77007,9.814342670841782e-10,3.379329618447164e-11
2100A,0.78579,9.81256067084178e-10,3.223160692821141e-11
2100A,0.8015,9.509621670841781e-10,3.0234741092647465e-11
2100A,0.81722,9.29905767084178e-10,2.705202455828261e-11
2100A,0.83293,9.651244670841781e-10,2.513225456408409e-11
2100A,0.84865,9.03878367084178e-10,3.1519073184983175e-11
2100A,0.86436,8.99492467084178e-10,2.7002082717455812e-11
2100A,0.88008,8.70137867084178e-10,3.047181275585399e-11
2100A,0.8958,8.72909867084178e-10,2.6846559699647286e-11
2100A,0.91151,8.24732167084178e-10,2.4818878015136494e-11
2100A,0.92723,8.14022867084178e-10,2.677516607941631e-11
2100A,0.94294,8.30955967084178e-10,2.667900183515728e-11
2100A,0.95866,7.90799067084178e-10,2.593997547195112e-11
2100A,0.97437,8.00666067084178e-10,2.5477321417837976e-11
2100A,0.99009,7.39510567084178e-10,2.356759627299156e-11
2100A,1.00581,7.29438767084178e-10,2.097196146066995e-11
2100A,1.02152,7.11835467084178e-10,2.177487432340829e-11
2100A,1.03724,6.83467767084178e-10,2.1673981120475436e-11
2100A,1.05295,6.56803167084178e-10,1.9754522281852972e-11
2100A,1.06867,6.51513167084178e-10,1.9503475429713178e-11
2100A,1.08438,6.00620167084178e-10,1.9596150993953523e-11
2100A,1.1001,6.15063467084178e-10,1.9831919785505528e-11
2100A,1.11582,6.12467267084178e-10,1.919570388693068e-11
2100A,1.13153,5.55525467084178e-10,1.810817536743903e-11
2100A,1.14725,5.70753167084178e-10,1.683167858021967e-11
2100A,1.16296,5.27555267084178e-10,1.674065445440905e-11
2100A,1.17868,5.36383467084178e-10,1.685468702061019e-11
2100A,1.19439,5.00705767084178e-10,1.4645326842167968e-11
2100A,1.21011,4.76825967084178e-10,1.5815883024539778e-11
2100A,1.22583,4.5150436708417797e-10,1.534798554469692e-11
2100A,1.24154,4.18095167084178e-10,1.3919124362524591e-11
2100A,1.25726,4.0618956708417797e-10,1.3892181426306871e-11
2100A,1.27297,3.81603167084178e-10,1.1031000805272639e-11
2100A,1.28869,3.65160767084178e-10,1.1090271774574579e-11
2100A,1.3044,3.47485767084178e-10,1.226798718155206e-11
2100A,1.32012,3.22327867084178e-10,1.006734260375724e-11
2100A,1.33584,3.09038867084178e-10,9.20996288900507e-12
2100A,1.35155,2.85183367084178e-10,8.655053117653848e-12
2100A,1.36727,2.5046796708417797e-10,8.058785486852818e-12
2100A,1.38298,2.32570267084178e-10,7.1183369851837315e-12
2100A,1.3987,2.01806467084178e-10,6.936173345256129e-12
2100A,1.41441,1.79565467084178e-10,5.3555083439320316e-12
2100A,1.43013,1.5903806708417799e-10,5.126475479579085e-12
2100A,1.44585,1.34312867084178e-10,4.580456287203995e-12
2100A,1.46156,1.12043767084178e-10,3.816937137660327e-12
2100A,1.47728,8.872716708417801e-11,2.9692476278662934e-12
2100A,1.49299,6.496381708417801e-11,2.394249470226862e-12
2100A,1.50871,4.0963027084178e-11,1.7605644425884016e-12
2100A,1.52442,1.9535947084177997e-11,1.1260769696585439e-12
2100A,1.54014,-1.15161015822e-13,9.97423270991112e-13
2100A,1.55586,1.07856944178e-13,1.044419659892023e-12
2200A,0.0,2.1390814670841777e-09,7.316403831381866e-11
2200A,0.01301,2.103940467084178e-09,7.185697431548468e-11
2200A,0.02603,2.145597467084178e-09,7.037692201240634e-11
2200A,0.03904,2.286754467084178e-09,6.997850348929966e-11
2200A,0.05205,2.332635467084178e-09,7.314113944981938e-11
2200A,0.06507,2.184817467084178e-09,7.075156203797854e-11
2200A,0.07808,2.190033467084178e-09,6.332863185267328e-11
2200A,0.09109,2.149635467084178e-09,7.588766808649956e-11
2200A,0.1041,2.171934467084178e-09,6.300103365128405e-11
2200A,0.11712,2.107040467084178e-09,7.024737896874035e-11
2200A,0.13013,2.1446514670841778e-09,6.249058807223233e-11
2200A,0.14314,2.205096467084178e-09,6.103291953743264e-11
2200A,0.15616,2.146652467084178e-09,7.031928510428648e-11
2200A,0.16917,2.171853467084178e-09,6.100188175063721e-11
2200A,0.18218,2.1920434670841778e-09,6.17223209522959e-11
2200A,0.1952,2.1554604670841777e-09,7.09741902681554e-11
2200A,0.20821,2.063870467084178e-09,7.029208656508872e-11
2200A,0.22122,2.127678467084178e-09,6.356421631562388e-11
2200A,0.23423,2.0796854670841778e-09,6.856414174691262e-11
2200A,0.24725,2.123344467084178e-09,6.650478164494585e-11
2200A,0.26026,1.980729467084178e-09,6.891439206805371e-11
2200A,0.27327,2.113859467084178e-09,6.379347130619186e-11
2200A,0.28629,2.0694134670841777e-09,6.259206118486773e-11
2200A,0.2993,2.082349467084178e-09,6.542301765051369e-11
2200A,0.31231,2.019219467084178e-09,6.480340644976872e-11
2200A,0.32533,2.126627467084178e-09,5.781739145670467e-11
2200A,0.33834,1.9389314670841778e-09,6.800684347667832e-11
2200A,0.35135,1.933691467084178e-09,6.251614633538943e-11
2200A,0.36436,2.0533314670841777e-09,5.976356192691516e-11
2200A,0.37738,1.968734467084178e-09,6.404876471847233e-11
2200A,0.39039,2.018865467084178e-09,5.907407377516998e-11
2200A,0.4034,1.966519467084178e-09,5.604290684793862e-11
2200A,0.41642,1.887284467084178e-09,5.971056586963672e-11
2200A,0.42943,1.827416467084178e-09,6.074082045560733e-11
2200A,0.44244,1.916672467084178e-09,5.962707209550227e-11
2200A,0.45546,1.856874467084178e-09,6.112915268964494e-11
2200A,0.46847,1.8145374670841781e-09,6.01025068750541e-11
2200A,0.48148,1.833994467084178e-09,5.91495880376848e-11
2200A,0.49449,1.778024467084178e-09,5.918884506076653e-11
2200A,0.50751,1.764420467084178e-09,5.6579971881366516e-11
2200A,0.52052,1.7721594670841781e-09,5.392530287687058e-11
2200A,0.53353,1.779377467084178e-09,5.5139274482980146e-11
2200A,0.54655,1.6834554670841782e-09,6.016044262120023e-11
2200A,0.55956,1.737330467084178e-09,5.154042069085899e-11
2200A,0.57257,1.6918854670841781e-09,5.424644373062925e-11
2200A,0.58559,1.6850044670841781e-09,4.9494333642132466e-11
2200A,0.5986,1.562567467084178e-09,5.0151883311057473e-11
2200A,0.61161,1.600037467084178e-09,4.864051780379631e-11
2200A,0.62462,1.5924234670841781e-09,5.00803808694006e-11
2200A,0.63764,1.484683467084178e-09,4.4639807005826375e-11
2200A,0.65065,1.582766467084178e-09,5.1197025241740616e-11
2200A,0.66366,1.574684467084178e-09,4.594646785873671e-11
2200A,0.67668,1.523183467084178e-09,4.603185713944122e-11
2200A,0.68969,1.445286467084178e-09,4.123695782290718e-11
2200A,0.7027,1.3105074670841782e-09,4.2656193595053994e-11
2200A,0.71572,1.402474467084178e-09,4.384848434464669e-11
2200A,0.72873,1.363950467084178e-09,4.633136985269727e-11
2200A,0.74174,1.351678467084178e-09,3.9986469184546986e-11
2200A,0.75475,1.280808467084178e-09,4.218266346966163e-11
2200A,0.76777,1.257514467084178e-09,4.411470780288503e-11
2200A,0.78078,1.179970467084178e-09,4.064714125482782e-11
2200A,0.79379,1.236277467084178e-09,3.666313110892093e-11
2200A,0.80681,1.1479504670841782e-09,3.8167475652553e-11
2200A,0.81982,1.166152467084178e-09,3.669575467010081e-11
2200A,0.83283,1.151467467084178e-09,3.4887259782624454e-11
2200A,0.84585,1.101155467084178e-09,3.454647486621356e-11
2200A,0.85886,1.070035467084178e-09,3.462800676812666e-11
2200A,0.87187,1.034222467084178e-09,3.266624730440008e-11
2200A,0.88488,1.0303654670841781e-09,3.123353021223707e-11
2200A,0.8979,9.75592067084178e-10,3.086883066574965e-11
2200A,0.91091,9.44833867084178e-10,2.8489819080994978e-11
2200A,0.92392,8.80484467084178e-10,2.800648996139869e-11
2200A,0.93694,8.87930667084178e-10,2.7557234563319767e-11
2200A,0.94995,8.28608667084178e-10,2.9429291494881856e-11
2200A,0.96296,8.29081267084178e-10,2.4806493358431894e-11
2200A,0.97598,7.83921867084178e-10,2.431215108810254e-11
2200A,0.98899,7.28924667084178e-10,2.1934565495341494e-11
2200A,1.002,7.22687267084178e-10,2.4234805958379896e-11
2200A,1.01502,6.99778867084178e-10,2.1686054296112182e-11
2200A,1.02803,6.461492670841779e-10,2.10166445251835e-11
2200A,1.04104,6.33796667084178e-10,1.8235512877907374e-11
2200A,1.05405,5.66760267084178e-10,1.716510181020566e-11
2200A,1.06707,5.63970467084178e-10,1.60031163442695e-11
2200A,1.08008,4.78820467084178e-10,1.6756669277939024e-11
2200A,1.09309,4.84182467084178e-10,1.4969803247251636e-11
2200A,1.10611,4.4059556708417797e-10,1.4546989600282445e-11
2200A,1.11912,4.0950066708417797e-10,1.2397500540944762e-11
2200A,1.13213,3.67639967084178e-10,1.1692994179880772e-11
2200A,1.14515,3.43468867084178e-10,1.1603270243975429e-11
2200A,1.15816,3.00476167084178e-10,8.684249454052413e-12
2200A,1.17117,2.6586546708417797e-10,7.693817156652126e-12
2200A,1.18418,2.34225867084178e-10,7.39022354144187e-12
2200A,1.1972,2.11075067084178e-10,5.9502073291022056e-12
2200A,1.21021,1.62025967084178e-10,5.41154194509491e-12
2200A,1.22322,1.23910067084178e-10,4.298396995849221e-12
2200A,1.23624,9.0270717084178e-11,2.924434789409162e-12
2200A,1.24925,5.7396657084177996e-11,2.1838879773987054e-12
2200A,1.26226,2.0448757084177997e-11,1.2508210531285478e-12
2200A,1.27528,1.116279084178e-12,1.0463779244794201e-12
2200A,1.28829,-4.59656215822e-13,9.635742397732564e-13
2300A,0.0,3.373485467084178e-09,9.473466213629214e-11
2300A,0.01061,3.2963524670841777e-09,9.688846984368535e-11
2300A,0.02122,3.4168674670841777e-09,1.0035434521687551e-10
2300A,0.03183,3.292184467084178e-09,1.0501212788615336e-10
2300A,0.04244,3.289754467084178e-09,9.650607070044984e-11
2300A,0.05305,3.188078467084178e-09,9.837312849250411e-11
2300A,0.06366,3.268132467084178e-09,1.0402595185134249e-10
2300A,0.07427,3.128992467084178e-09,9.350836888535017e-11
2300A,0.08488,3.141894467084178e-09,1.0161581237808327e-10
2300A,0.0955,3.0083364670841778e-09,9.214212098055604e-11
2300A,0.10611,3.202712467084178e-09,1.1144948187150906e-10
2300A,0.11672,3.243266467084178e-09,9.988551763292527e-11
2300A,0.12733,3.130058467084178e-09,1.0942482594355736e-10
2300A,0.13794,2.984650467084178e-09,9.385701833946103e-11
2300A,0.14855,3.085593467084178e-09,9.473043226141599e-11
2300A,0.15916,3.242167467084178e-09,9.435995326406972e-11
2300A,0.16977,3.208073467084178e-09,1.0677148623119295e-10
2300A,0.18038,3.364767467084178e-09,1.029287790535661e-10
2300A,0.19099,2.966573467084178e-09,9.547222048811594e-11
2300A,0.2016,3.0213354670841777e-09,9.660292794242949e-11
2300A,0.21221,3.231450467084178e-09,9.009815634052633e-11
2300A,0.22282,3.172795467084178e-09,9.10882043153883e-11
2300A,0.23343,3.015835467084178e-09,9.156254921713532e-11
2300A,0.24404,3.230443467084178e-09,1.0678048602164079e-10
2300A,0.25465,2.980112467084178e-09,1.0130282044966873e-10
2300A,0.26527,2.971340467084178e-09,9.251901924383075e-11
2300A,0.27588,3.000373467084178e-09,9.64300328695175e-11
2300A,0.28649,2.869516467084178e-09,9.460726590970393e-11
2300A,0.2971,2.871025467084178e-09,8.579257421064031e-11
2300A,0.30771,2.8833334670841778e-09,8.963961141281418e-11
2300A,0.31832,2.811950467084178e-09,9.610811209070921e-11
2300A,0.32893,2.772460467084178e-09,9.309360153404917e-11
2300A,0.33954,2.6849504670841777e-09,9.30395231915272e-11
2300A,0.35015,2.830325467084178e-09,7.951722840963412e-11
2300A,0.36076,2.8830504670841777e-09,8.837823368098462e-11
2300A,0.37137,2.730914467084178e-09,8.601796610262431e-11
2300A,0.38198,2.513758467084178e-09,9.702706592990806e-11
2300A,0.39259,2.855041467084178e-09,8.304923642454171e-11
2300A,0.4032,2.649982467084178e-09,8.15036770409423e-11
2300A,0.41381,2.5118884670841777e-09,7.927572857995204e-11
2300A,0.42442,2.720084467084178e-09,7.919493199639876e-11
2300A,0.43504,2.465927467084178e-09,8.650544871094667e-11
2300A,0.44565,2.4671744670841777e-09,8.014614221175418e-11
2300A,0.45626,2.554767467084178e-09,8.062086270763123e-11
2300A,0.46687,2.449014467084178e-09,7.929228788060933e-11
2300A,0.47748,2.451880467084178e-09,6.915824848465963e-11
2300A,0.48809,2.371715467084178e-09,7.306569319770686e-11
2300A,0.4987,2.3478374670841777e-09,7.447276454958433e-11
2300A,0.50931,2.224187467084178e-09,7.103244720043036e-11
2300A,0.51992,2.322554467084178e-09,6.907810293838001e-11
2300A,0.53053,2.2030524670841778e-09,7.104535652132534e-11
2300A,0.54114,2.142123467084178e-09,7.310869106078583e-11
2300A,0.55175,2.087642467084178e-09,6.913626970500162e-11
2300A,0.56236,2.139660467084178e-09,6.03251705709211e-11
2300A,0.57297,2.0641574670841777e-09,6.220211777456075e-11
2300A,0.58358,1.964438467084178e-09,6.26629963834752e-11
2300A,0.59419,1.991059467084178e-09,6.637140966655693e-11
2300A,0.6048,1.939404467084178e-09,6.677217565916079e-11
2300A,0.61542,1.845614467084178e-09,6.408179258213932e-11
2300A,0.62603,1.879286467084178e-09,6.01930902277016e-11
2300A,0.63664,1.7928284670841781e-09,5.5760200865952994e-11
2300A,0.64725,1.7872974670841781e-09,5.7274075015939156e-11
2300A,0.65786,1.677378467084178e-09,5.1914173605109285e-11
2300A,0.66847,1.752848467084178e-09,5.4802044112038614e-11
2300A,0.67908,1.687783467084178e-09,4.9013556260257476e-11
2300A,0.68969,1.639061467084178e-09,4.884687474436236e-11
2300A,0.7003,1.567437467084178e-09,4.82464623857483e-11
2300A,0.71091,1.431618467084178e-09,5.02003581991476e-11
2300A,0.72152,1.483822467084178e-09,5.025658228240183e-11
2300A,0.73213,1.402433467084178e-09,4.2750569853832656e-11
2300A,0.74274,1.3730654670841782e-09,4.0741196174391166e-11
2300A,0.75335,1.303196467084178e-09,4.171723369513762e-11
2300A,0.76396,1.245396467084178e-09,3.7343149223109526e-11
2300A,0.77457,1.2145874670841781e-09,4.0249555781144035e-11
2300A,0.78519,1.165933467084178e-09,3.626337094949014e-11
2300A,0.7958,1.130257467084178e-09,3.7713949312766563e-11
2300A,0.80641,1.027011467084178e-09,3.335750884314243e-11
2300A,0.81702,9.75958467084178e-10,3.296288414788253e-11
2300A,0.82763,9.71468567084178e-10,3.118642305532851e-11
2300A,0.83824,9.07414967084178e-10,2.9734658818468486e-11
2300A,0.84885,8.67471567084178e-10,2.773131406272385e-11
2300A,0.85946,8.14429267084178e-10,2.4276846977025777e-11
2300A,0.87007,7.60231567084178e-10,2.6040246043774735e-11
2300A,0.88068,7.10759967084178e-10,2.322815099348688e-11
2300A,0.89129,6.71634767084178e-10,1.8835578579067477e-11
2300A,0.9019,5.96046667084178e-10,1.9113943104977728e-11
2300A,0.91251,5.39049467084178e-10,1.718461422678512e-11
2300A,0.92312,4.80552467084178e-10,1.3672359291750844e-11
2300A,0.93373,4.59995167084178e-10,1.3899191768740569e-11
2300A,0.94434,3.9063166708417797e-10,1.2997928978030523e-11
2300A,0.95495,3.38604867084178e-10,1.0267277153653037e-11
2300A,0.96557,3.05415567084178e-10,9.685020767564446e-12
2300A,0.97618,2.50284367084178e-10,7.990860231406042e-12
2300A,0.98679,1.85524367084178e-10,6.276178211136662e-12
2300A,0.9974,1.35688367084178e-10,4.063589075032761e-12
2300A,1.00801,8.1831157084178e-11,2.8768134590073108e-12
2300A,1.01862,3.0945527084178e-11,1.4009282083139052e-12
2300A,1.02923,-1.8767921582200002e-13,1.0340231219024888e-12
2300A,1.03984,-2.507471915822e-12,1.0187361805288205e-12
2300A,1.05045,-2.05207815822e-13,1.0038573497991928e-12
2400A,0.0,4.632593467084178e-09,1.4695420639361713e-10
2400A,0.00831,4.371168467084178e-09,1.364033461208992e-10
2400A,0.01662,4.503347467084179e-09,1.3622334869242432e-10
2400A,0.02492,4.5029604670841786e-09,1.3797532394808073e-10
2400A,0.03323,4.450903467084178e-09,1.4396984383897147e-10
2400A,0.04154,4.310447467084179e-09,1.330907945594203e-10
2400A,0.04985,4.373968467084178e-09,1.4281095880158438e-10
2400A,0.05816,4.362141467084178e-09,1.45031830337405e-10
2400A,0.06647,4.5447564670841785e-09,1.3812672183925102e-10
2400A,0.07477,4.883900467084179e-09,1.3969270029481794e-10
2400A,0.08308,4.429826467084178e-09,1.5136705373068414e-10
2400A,0.09139,4.731165467084178e-09,1.6102524854189117e-10
2400A,0.0997,4.5624874670841785e-09,1.553527087373047e-10
2400A,0.10801,4.519203467084178e-09,1.4381624580824596e-10
2400A,0.11632,4.642438467084178e-09,1.456817221720962e-10
2400A,0.12462,4.5895674670841784e-09,1.398176985959139e-10
2400A,0.13293,4.461103467084178e-09,1.385558158874171e-10
2400A,0.14124,4.3547964670841785e-09,1.4020869330129936e-10
2400A,0.14955,4.406588467084179e-09,1.343138763964015e-10
2400A,0.15786,4.483597467084179e-09,1.3960040155124134e-10
2400A,0.16617,4.2920544670841786e-09,1.3806782265911138e-10
2400A,0.17447,4.155727467084178e-09,1.2145568563582287e-10
2400A,0.18278,4.332852467084178e-09,1.3529716203253425e-10
2400A,0.19109,4.322970467084179e-09,1.3513476439043293e-10
2400A,0.1994,4.294378467084178e-09,1.3710913610280617e-10
2400A,0.20771,4.233436467084178e-09,1.4117538033689807e-10
2400A,0.21602,4.154388467084178e-09,1.2758918056570403e-10
2400A,0.22432,4.053722467084178e-09,1.2987574393514684e-10
2400A,0.23263,4.055947467084178e-09,1.2220577222037355e-10
2400A,0.24094,3.930416467084178e-09,1.472548027061183e-10
2400A,0.24925,3.987248467084178e-09,1.2995184273821526e-10
2400A,0.25756,3.840875467084178e-09,1.3728143367283074e-10
2400A,0.26587,4.023620467084178e-09,1.3096712690224149e-10
2400A,0.27417,3.9827494670841785e-09,1.231286559386881e-10
2400A,0.28248,3.815393467084178e-09,1.0912123269308235e-10
2400A,0.29079,3.6466604670841777e-09,1.1586899101963313e-10
2400A,0.2991,3.788784467084178e-09,1.1032200621443496e-10
2400A,0.30741,3.786553467084178e-09,1.2045670376225568e-10
2400A,0.31572,3.595505467084178e-09,1.2318925487812572e-10
2400A,0.32402,3.6194424670841777e-09,1.1004311231289229e-10
2400A,0.33233,3.677907467084178e-09,1.0581890861267577e-10
2400A,0.34064,3.5914904670841778e-09,1.1853603947094665e-10
2400A,0.34895,3.4592514670841777e-09,1.0659829027080043e-10
2400A,0.35726,3.378554467084178e-09,1.0792715960826462e-10
2400A,0.36557,3.5935974670841778e-09,1.0629649734124745e-10
2400A,0.37387,3.505894467084178e-09,1.0954462329050122e-10
2400A,0.38218,3.359602467084178e-09,1.0897073605288636e-10
2400A,0.39049,3.294212467084178e-09,1.0893433686688429e-10
2400A,0.3988,3.111876467084178e-09,9.719601117420522e-11
2400A,0.40711,3.165319467084178e-09,9.455278752643005e-11
2400A,0.41542,3.184852467084178e-09,9.590319799257335e-11
2400A,0.42372,3.148624467084178e-09,8.78341822866441e-11
2400A,0.43203,3.068842467084178e-09,8.809023350148542e-11
2400A,0.44034,3.0450284670841778e-09,8.983805487112811e-11
2400A,0.44865,2.864886467084178e-09,9.514017019262802e-11
2400A,0.45696,2.9040434670841778e-09,8.353137797413511e-11
2400A,0.46527,2.705055467084178e-09,8.918731643150514e-11
2400A,0.47357,2.776084467084178e-09,8.741257686414138e-11
2400A,0.48188,2.682483467084178e-09,9.369789314291664e-11
2400A,0.49019,2.643546467084178e-09,7.6275880281894e-11
2400A,0.4985,2.535938467084178e-09,7.215899885198121e-11
2400A,0.50681,2.562757467084178e-09,7.062688866157651e-11
2400A,0.51512,2.299822467084178e-09,7.556841286561354e-11
2400A,0.52342,2.377819467084178e-09,7.55566434128378e-11
2400A,0.53173,2.213680467084178e-09,7.482529775470543e-11
2400A,0.54004,2.295600467084178e-09,7.384380491186736e-11
2400A,0.54835,2.208285467084178e-09,6.841681008496907e-11
2400A,0.55666,2.1204084670841777e-09,6.786866142469826e-11
2400A,0.56496,2.0947214670841777e-09,6.269702408409768e-11
2400A,0.57327,1.939527467084178e-09,6.210866419663141e-11
2400A,0.58158,1.9523184670841777e-09,5.868119386402023e-11
2400A,0.58989,1.8232984670841781e-09,6.038904591596331e-11
2400A,0.5982,1.7617584670841781e-09,5.1941520912521666e-11
2400A,0.60651,1.730401467084178e-09,5.96721587313709e-11
2400A,0.61481,1.5807794670841781e-09,5.5001976502125135e-11
2400A,0.62312,1.591329467084178e-09,4.7713283880028895e-11
2400A,0.63143,1.483145467084178e-09,4.425100926439899e-11
2400A,0.63974,1.410188467084178e-09,4.591064236794586e-11
2400A,0.64805,1.351685467084178e-09,4.4027319749014086e-11
2400A,0.65636,1.2979974670841782e-09,4.0866326219110104e-11
2400A,0.66466,1.224823467084178e-09,3.472197601471906e-11
2400A,0.67297,1.1762984670841782e-09,3.4884110469780156e-11
2400A,0.68128,1.0392024670841781e-09,3.879273352201319e-11
2400A,0.68959,9.39504067084178e-10,3.042967482442633e-11
2400A,0.6979,9.36665767084178e-10,3.0902861191979064e-11
2400A,0.70621,8.17763767084178e-10,2.574955119600001e-11
2400A,0.71451,7.42339367084178e-10,2.294631146579828e-11
2400A,0.72282,6.92063567084178e-10,2.136063094240958e-11
2400A,0.73113,6.18971867084178e-10,1.9466271469768566e-11
2400A,0.73944,5.67403867084178e-10,1.7171875701446407e-11
2400A,0.74775,4.51352867084178e-10,1.4382029303663151e-11
2400A,0.75606,3.8163416708417797e-10,1.2994095018135184e-11
2400A,0.76436,3.3952456708417797e-10,1.0420186338075995e-11
2400A,0.77267,2.35825367084178e-10,7.618745455332828e-12
2400A,0.78098,1.70721967084178e-10,5.269572266507179e-12
2400A,0.78929,9.702962708417801e-11,3.02307062713305e-12
2400A,0.7976,2.2488487084178e-11,1.1511393922056612e-12
2400A,0.80591,2.76139384178e-13,1.0332915543226942e-12
2400A,0.81421,-2.83442615822e-13,1.0181817048814268e-12
2400A,0.82252,-3.39797715822e-13,9.85210812893575e-13
2500A,0.0,6.252715467084178e-09,1.8778261363730621e-10
2500A,0.00601,6.588023467084178e-09,2.1284584717625532e-10
2500A,0.01201,6.317007467084178e-09,1.8746401603981986e-10
2500A,0.01802,6.450247467084178e-09,2.1130355627936748e-10
2500A,0.02402,6.111558467084178e-09,2.0223401261980591e-10
2500A,0.03003,6.381800467084179e-09,1.9580165574148715e-10
2500A,0.03604,6.170570467084178e-09,2.015389171469814e-10
2500A,0.04204,5.947879467084178e-09,2.0858927262689666e-10
2500A,0.04805,6.106843467084178e-09,1.9293657587419195e-10
2500A,0.05405,5.947797467084179e-09,1.9016929589559885e-10
2500A,0.06006,6.1205864670841785e-09,1.932175738732319e-10
2500A,0.06607,6.381516467084178e-09,2.095069670524296e-10
2500A,0.07207,6.115452467084178e-09,1.8281375206014405e-10
2500A,0.07808,6.198266467084178e-09,2.0124451907383176e-10
2500A,0.08408,6.1587574670841785e-09,1.9701874736627942e-10
2500A,0.09009,6.0997834670841786e-09,1.8280615212051216e-10
2500A,0.0961,5.975843467084179e-09,1.8565182986218539e-10
2500A,0.1021,6.095931467084178e-09,1.9260037827589494e-10
2500A,0.10811,6.088663467084178e-09,1.990532335950055e-10
2500A,0.11411,5.8282164670841786e-09,1.9512286045788644e-10
2500A,0.12012,6.111920467084178e-09,2.052706932013867e-10
2500A,0.12613,5.932444467084178e-09,1.958903551276015e-10
2500A,0.13213,5.8855764670841785e-09,1.908341910320523e-10
2500A,0.13814,5.9553874670841786e-09,1.8439273962579934e-10
2500A,0.14414,5.917518467084178e-09,1.608892499354069e-10
2500A,0.15015,5.631687467084178e-09,1.770136996389201e-10
2500A,0.15616,5.7267034670841784e-09,1.6722148745609168e-10
2500A,0.16216,5.7548944670841784e-09,1.77055899281492e-10
2500A,0.16817,6.112283467084179e-09,1.802004731181853e-10
2500A,0.17417,5.750515467084178e-09,1.9115548869396304e-10
2500A,0.18018,5.566757467084178e-09,1.9361237107173142e-10
2500A,0.18619,5.5354124670841785e-09,1.750106168031752e-10
2500A,0.19219,5.329093467084178e-09,1.6915326932669033e-10
2500A,0.1982,5.3319694670841785e-09,1.6427111596768259e-10
2500A,0.2042,5.548844467084178e-09,1.6816447855426494e-10
2500A,0.21021,5.590208467084178e-09,1.632462261131259e-10
2500A,0.21622,5.2054264670841785e-09,1.5795128062531757e-10
2500A,0.22222,5.135544467084178e-09,1.5888607073742438e-10
2500A,0.22823,4.917279467084178e-09,1.6162574241694243e-10
2500A,0.23423,5.205184467084178e-09,1.6589240017450417e-10
2500A,0.24024,4.9761434670841785e-09,1.721653418707082e-10
2500A,0.24625,5.110473467084178e-09,1.6635709570459515e-10
2500A,0.25225,4.989335467084178e-09,1.7071205499690942e-10
2500A,0.25826,4.945063467084178e-09,1.5468751608535777e-10
2500A,0.26426,4.8098384670841784e-09,1.518110486015686e-10
2500A,0.27027,4.563655467084179e-09,1.4561422301677066e-10
2500A,0.27628,4.710991467084179e-09,1.4739270101951394e-10
2500A,0.28228,4.701840467084178e-09,1.4911178025567874e-10
2500A,0.28829,4.322644467084178e-09,1.439391442322339e-10
2500A,0.29429,4.369690467084178e-09,1.4089658405762656e-10
2500A,0.3003,4.116252467084179e-09,1.231483555938033e-10
2500A,0.30631,4.282670467084178e-09,1.2998364223846717e-10
2500A,0.31231,4.445069467084178e-09,1.2856566476310005e-10
2500A,0.31832,4.345336467084178e-09,1.3633134714869442e-10
2500A,0.32432,4.092967467084178e-09,1.2409293918534538e-10
2500A,0.33033,3.883407467084178e-09,1.2892725897209567e-10
2500A,0.33634,4.075519467084178e-09,1.22996558254196e-10
2500A,0.34234,4.033502467084178e-09,1.234232507926599e-10
2500A,0.34835,3.841170467084178e-09,1.1018720915813153e-10
2500A,0.35435,3.640593467084178e-09,1.1389453073724756e-10
2500A,0.36036,3.492320467084178e-09,1.1122918658903257e-10
2500A,0.36637,3.485733467084178e-09,1.1507530682130648e-10
2500A,0.37237,3.436152467084178e-09,1.1216046677251226e-10
2500A,0.37838,3.341193467084178e-09,1.0618429998007155e-10
2500A,0.38438,3.4297874670841777e-09,1.0557381443666714e-10
2500A,0.39039,3.142103467084178e-09,1.0881643950717108e-10
2500A,0.3964,3.172294467084178e-09,9.641214338033318e-11
2500A,0.4024,3.254694467084178e-09,9.325983645105715e-11
2500A,0.40841,2.941969467084178e-09,9.296282554558422e-11
2500A,0.41441,3.0304774670841778e-09,9.009312650502382e-11
2500A,0.42042,2.777925467084178e-09,8.128253590255858e-11
2500A,0.42643,2.6728764670841778e-09,8.541332794983593e-11
2500A,0.43243,2.7074974670841777e-09,8.062351259940382e-11
2500A,0.43844,2.452663467084178e-09,7.629879923642459e-11
2500A,0.44444,2.4474064670841777e-09,7.935121539431343e-11
2500A,0.45045,2.375505467084178e-09,7.175756943343834e-11
2500A,0.45646,2.210117467084178e-09,7.235295898940088e-11
2500A,0.46246,2.134097467084178e-09,6.639029852853372e-11
2500A,0.46847,2.0759694670841777e-09,6.550036285879588e-11
2500A,0.47447,1.940608467084178e-09,6.239412464034354e-11
2500A,0.48048,1.821968467084178e-09,5.4943461642808104e-11
2500A,0.48649,1.7992644670841781e-09,5.998140579328085e-11
2500A,0.49249,1.7255284670841782e-09,5.4391340692700584e-11
2500A,0.4985,1.531115467084178e-09,5.2510895489635535e-11
2500A,0.5045,1.4677904670841782e-09,4.795628568373832e-11
2500A,0.51051,1.3705274670841781e-09,4.184564416409223e-11
2500A,0.51652,1.3152334670841782e-09,3.993496774808045e-11
2500A,0.52252,1.127514467084178e-09,3.579458684810771e-11
2500A,0.52853,1.072944467084178e-09,3.1904931288280894e-11
2500A,0.53453,9.94438267084178e-10,2.972997022701882e-11
2500A,0.54054,9.331765670841781e-10,2.948049582076132e-11
2500A,0.54655,7.79219767084178e-10,2.5838275774862102e-11
2500A,0.55255,6.69471567084178e-10,2.2245386261432407e-11
2500A,0.55856,6.242745670841779e-10,1.860928015582348e-11
2500A,0.56456,4.733160670841779e-10,1.550376147180824e-11
2500A,0.57057,3.74966267084178e-10,1.1120965497776063e-11
2500A,0.57658,2.7794086708417797e-10,8.72171345757252e-12
2500A,0.58258,1.7271716708417798e-10,5.779229679515654e-12
2500A,0.58859,7.9920487084178e-11,2.5775658763745705e-12
2500A,0.59459,4.48201084178e-13,1.0038577625195808e-12
2600A,0.0,8.862906467084179e-09,2.6047901910714005e-10
2600A,0.0042,8.088876467084178e-09,2.7561426314308883e-10
2600A,0.00841,8.386274467084179e-09,2.6387300599913175e-10
2600A,0.01261,8.307336467084178e-09,2.826606391330562e-10
2600A,0.01682,8.186310467084178e-09,2.606673183709608e-10
2600A,0.02102,8.235785467084178e-09,2.5429004391052714e-10
2600A,0.02523,8.509148467084179e-09,2.6525930074157213e-10
2600A,0.02943,8.730926467084178e-09,2.668846946467853e-10
2600A,0.03363,8.365155467084178e-09,2.583618274584267e-10
2600A,0.03784,8.164225467084178e-09,2.478373710898093e-10
2600A,0.04204,8.794847467084179e-09,2.740965684761081e-10
2600A,0.04625,8.418137467084178e-09,2.7349017062347564e-10
2600A,0.05045,8.286148467084179e-09,2.476018721085481e-10
2600A,0.05465,8.087066467084178e-09,2.4776737139241684e-10
2600A,0.05886,7.747971467084179e-09,2.747538661592004e-10
2600A,0.06306,8.283343467084178e-09,2.546035426251328e-10
2600A,0.06727,8.341772467084179e-09,2.60380819491486e-10
2600A,0.07147,8.192470467084178e-09,2.6039471943706503e-10
2600A,0.07568,8.403388467084178e-09,2.236314870252126e-10
2600A,0.07988,7.782914467084179e-09,2.578759293944044e-10
2600A,0.08408,8.200801467084179e-09,2.6358260710748317e-10
2600A,0.08829,7.859563467084178e-09,2.4999486184611443e-10
2600A,0.09249,7.820888467084179e-09,2.3553702702511095e-10
2600A,0.0967,7.733892467084178e-09,2.36523322325427e-10
2600A,0.1009,7.900439467084178e-09,2.3642072281248496e-10
2600A,0.10511,7.509533467084178e-09,2.5093655786128063e-10
2600A,0.10931,8.015345467084178e-09,2.3856201273427386e-10
2600A,0.11351,7.639799467084179e-09,2.244016829510595e-10
2600A,0.11772,7.615293467084179e-09,2.45270482299395e-10
2600A,0.12192,7.567392467084177e-09,2.430880920160793e-10
2600A,0.12613,8.032401467084178e-09,2.1905841180575062e-10
2600A,0.13033,7.821948467084178e-09,2.265507717293804e-10
2600A,0.13453,7.174499467084178e-09,2.6990958349969316e-10
2600A,0.13874,7.496766467084178e-09,2.2847816184488583e-10
2600A,0.14294,7.1863314670841785e-09,2.089110706665825e-10
2600A,0.14715,7.1241264670841785e-09,2.0074852233293732e-10
2600A,0.15135,7.1729574670841785e-09,2.257073761077777e-10
2600A,0.15556,6.808118467084178e-09,2.1047656121551354e-10
2600A,0.15976,7.067703467084179e-09,2.222221945531495e-10
2600A,0.16396,6.523334467084178e-09,1.9720604608659399e-10
2600A,0.16817,6.867681467084178e-09,2.1051526098365846e-10
2600A,0.17237,6.5557414670841785e-09,1.975647436426293e-10
2600A,0.17658,6.347831467084178e-09,2.01348418393162e-10
2600A,0.18078,6.277028467084179e-09,2.1193295254846007e-10
2600A,0.18498,6.0602914670841785e-09,1.9539035859534585e-10
2600A,0.18919,6.432337467084178e-09,1.8012617372582983e-10
2600A,0.19339,5.729635467084178e-09,1.9112638890539902e-10
2600A,0.1976,6.3033404670841785e-09,1.8843300875796105e-10
2600A,0.2018,5.6672284670841785e-09,1.7477361886002084e-10
2600A,0.20601,5.761483467084179e-09,1.9041389410247308e-10
2600A,0.21021,5.757978467084178e-09,1.90233495424512e-10
2600A,0.21441,5.739608467084179e-09,1.861429260897868e-10
2600A,0.21862,5.8390964670841784e-09,1.6619619724944921e-10
2600A,0.22282,5.2590994670841785e-09,1.8058586997430844e-10
2600A,0.22703,5.228520467084178e-09,1.5948346447910462e-10
2600A,0.23123,5.225328467084178e-09,1.7946417916204846e-10
2600A,0.23544,5.106470467084179e-09,1.7965637757961122e-10
2600A,0.23964,4.884349467084178e-09,1.5349742939055306e-10
2600A,0.24384,5.011858467084178e-09,1.5658699526815063e-10
2600A,0.24805,4.718733467084178e-09,1.473525015108594e-10
2600A,0.25225,4.4000254670841785e-09,1.4463973529921792e-10
2600A,0.25646,4.626333467084178e-09,1.3523476293785493e-10
2600A,0.26066,4.519621467084178e-09,1.4115918055269316e-10
2600A,0.26486,4.375772467084178e-09,1.4087438435452992e-10
2600A,0.26907,4.294315467084178e-09,1.2859076436007303e-10
2600A,0.27327,4.236913467084178e-09,1.3882271220393955e-10
2600A,0.27748,3.8333764670841785e-09,1.2874306191798384e-10
2600A,0.28168,3.759862467084178e-09,1.2336055188583515e-10
2600A,0.28589,3.651761467084178e-09,1.1095779242657014e-10
2600A,0.29009,3.5158074670841778e-09,1.0921163067941905e-10
2600A,0.29429,3.564666467084178e-09,1.0495802918913743e-10
2600A,0.2985,3.341374467084178e-09,1.0210229993054919e-10
2600A,0.3027,3.259726467084178e-09,1.0369326003896215e-10
2600A,0.30691,2.8754564670841777e-09,8.622850856707848e-11
2600A,0.31111,2.910068467084178e-09,9.965815369631289e-11
2600A,0.31532,2.703673467084178e-09,8.689345500771519e-11
2600A,0.31952,2.631221467084178e-09,8.729278103191251e-11
2600A,0.32372,2.4929264670841778e-09,7.693278056372801e-11
2600A,0.32793,2.547662467084178e-09,7.615824565781059e-11
2600A,0.33213,2.354398467084178e-09,7.146858439296755e-11
2600A,0.33634,2.140701467084178e-09,6.98245918515957e-11
2600A,0.34054,2.073132467084178e-09,6.31688224582525e-11
2600A,0.34474,2.0063314670841778e-09,5.552342117041624e-11
2600A,0.34895,1.8044724670841781e-09,5.767376289200684e-11
2600A,0.35315,1.5975284670841782e-09,4.8571955508687575e-11
2600A,0.35736,1.525778467084178e-09,5.019875836769995e-11
2600A,0.36156,1.3554634670841781e-09,4.4218683650694823e-11
2600A,0.36577,1.245919467084178e-09,3.865414806222258e-11
2600A,0.36997,1.1182814670841781e-09,3.384304463339292e-11
2600A,0.37417,8.81966267084178e-10,3.1458109512917735e-11
2600A,0.37838,8.079995670841779e-10,2.349675025871292e-11
2600A,0.38258,6.08555867084178e-10,2.2089590492418047e-11
2600A,0.38679,5.05334567084178e-10,1.699082065569305e-11
2600A,0.39099,3.69094767084178e-10,1.1205335195442643e-11
2600A,0.3952,2.33529967084178e-10,7.668852238445243e-12
2600A,0.3994,1.0070106708417801e-10,2.9846145526809e-12
2600A,0.4036,-4.8238135822000005e-14,9.696655851343902e-13
2600A,0.40781,7.988446841780001e-13,1.0305418182769922e-12
2600A,0.41201,2.19804084178e-13,1.0089608951641382e-12
2600A,0.41622,-4.66840515822e-13,1.0118044044095525e-12
2700A,0.0,1.1161988467084178e-08,3.6212333305350237e-10
2700A,0.0023,1.1028648467084178e-08,3.5797734154353653e-10
2700A,0.0046,1.0782798467084179e-08,3.5309675179335455e-10
2700A,0.00691,1.1291838467084178e-08,3.5185885443829295e-10
2700A,0.00921,1.0750218467084178e-08,3.6595042538724806e-10
2700A,0.01151,1.1257588467084179e-08,3.1814313439127965e-10
2700A,0.01381,1.0518788467084179e-08,3.433508731327588e-10
2700A,0.01612,1.0970638467084179e-08,3.2996110450643697e-10
2700A,0.01842,1.0861978467084179e-08,3.5784804181147593e-10
2700A,0.02072,1.0901218467084179e-08,3.3095090210033845e-10
2700A,0.02302,1.0917688467084178e-08,3.0765296284194605e-10
2700A,0.02533,1.1494628467084178e-08,3.3661868859501525e-10
2700A,0.02763,1.0699828467084179e-08,3.372503871179066e-10
2700A,0.02993,1.0032588467084178e-08,3.163664390771844e-10
2700A,0.03223,1.0433128467084178e-08,3.676912219529694e-10
2700A,0.03453,1.1033598467084178e-08,3.185726332663523e-10
2700A,0.03684,1.1052718467084178e-08,3.2571011500643914e-10
2700A,0.03914,1.0295358467084178e-08,3.454380684613493e-10
2700A,0.04144,1.0937528467084178e-08,3.323390987499181e-10
2700A,0.04374,1.0573158467084178e-08,3.2676321237981764e-10
2700A,0.04605,1.0798878467084178e-08,3.0043008358627775e-10
2700A,0.04835,1.0043758467084178e-08,3.406236793228384e-10
2700A,0.05065,1.0197888467084178e-08,3.3244309850004077e-10
2700A,0.05295,1.0116848467084179e-08,2.9804429065925387e-10
2700A,0.05526,1.0222938467084179e-08,3.4948855955504155e-10
2700A,0.05756,9.627018467084179e-09,3.0523066968942984e-10
2700A,0.05986,9.757228467084178e-09,3.11356552578403e-10
2700A,0.06216,1.0053748467084178e-08,2.6595509812340095e-10
2700A,0.06446,9.098993467084178e-09,2.9416920239193603e-10
2700A,0.06677,9.848726467084179e-09,2.6882708746000245e-10
2700A,0.06907,9.508096467084178e-09,3.0312857572044875e-10
2700A,0.07137,9.458728467084179e-09,3.1594864018675223e-10
2700A,0.07367,9.433273467084178e-09,3.2467861759570465e-10
2700A,0.07598,9.033801467084179e-09,3.0385897361543863e-10
2700A,0.07828,9.180868467084178e-09,2.898986156853941e-10
2700A,0.08058,9.189650467084178e-09,3.096259573437405e-10
2700A,0.08288,9.624732467084178e-09,3.124217496715423e-10
2700A,0.08519,9.478784467084178e-09,3.0106618171941497e-10
2700A,0.08749,8.760099467084178e-09,2.891687179967048e-10
2700A,0.08979,8.624657467084178e-09,2.6832418931072504e-10
2700A,0.09209,8.393552467084179e-09,2.84868831853237e-10
2700A,0.09439,8.200648467084178e-09,2.649283019918933e-10
2700A,0.0967,8.527042467084178e-09,2.798498485656689e-10
2700A,0.099,8.677764467084178e-09,2.6277431020536964e-10
2700A,0.1013,8.562190467084178e-09,2.597592219311141e-10
2700A,0.1036,8.258815467084178e-09,2.539357453670275e-10
2700A,0.10591,7.520258467084179e-09,2.443585863383315e-10
2700A,0.10821,8.286582467084178e-09,2.662546970002742e-10
2700A,0.11051,8.000253467084177e-09,2.532751480935858e-10
2700A,0.11281,7.747449467084178e-09,2.549210413265602e-10
2700A,0.11512,8.018391467084179e-09,2.382791140553822e-10
2700A,0.11742,7.3155784670841785e-09,2.334623370405981e-10
2700A,0.11972,7.2907894670841785e-09,2.3814361468926236e-10
2700A,0.12202,7.4185414670841785e-09,2.390142106290499e-10
2700A,0.12432,7.350013467084179e-09,2.0015822623271776e-10
2700A,0.12663,6.764755467084178e-09,2.195763089475452e-10
2700A,0.12893,7.248271467084178e-09,2.075989786976512e-10
2700A,0.13123,6.7319044670841786e-09,2.145871370558539e-10
2700A,0.13353,6.755471467084179e-09,1.9573565619862883e-10
2700A,0.13584,6.332222467084178e-09,1.9165368508408033e-10
2700A,0.13814,6.2127264670841785e-09,2.1077725941623265e-10
2700A,0.14044,6.215374467084178e-09,1.9357117136355257e-10
2700A,0.14274,5.8689744670841785e-09,1.8263095351354828e-10
2700A,0.14505,5.593029467084178e-09,1.7757119493067514e-10
2700A,0.14735,5.486611467084178e-09,1.7697809994057972e-10
2700A,0.14965,5.346687467084178e-09,1.6759088395705723e-10
2700A,0.15195,5.565011467084178e-09,1.626482320917686e-10
2700A,0.15425,5.1487874670841785e-09,1.7382462715227619e-10
2700A,0.15656,5.2307554670841785e-09,1.560285013363194e-10
2700A,0.15886,4.9314254670841785e-09,1.5418072172621913e-10
2700A,0.16116,4.818852467084178e-09,1.387403133396268e-10
2700A,0.16346,4.737070467084179e-09,1.5955266375719906e-10
2700A,0.16577,4.558964467084178e-09,1.3487126822829177e-10
2700A,0.16807,4.286850467084178e-09,1.3411997925371828e-10
2700A,0.17037,4.146244467084179e-09,1.283277685908542e-10
2700A,0.17267,3.992199467084178e-09,1.176574561940629e-10
2700A,0.17497,3.4781254670841777e-09,1.1486211110308666e-10
2700A,0.17728,3.6381764670841777e-09,1.221807726648421e-10
2700A,0.17958,3.2481844670841777e-09,1.0407075075283076e-10
2700A,0.18188,3.1422384670841777e-09,9.754779132467697e-11
2700A,0.18418,3.027141467084178e-09,9.994527604385424e-11
2700A,0.18649,2.8530624670841777e-09,8.792062931491064e-11
2700A,0.18879,2.932329467084178e-09,8.483997895414829e-11
2700A,0.19109,2.657158467084178e-09,7.911947519335694e-11
2700A,0.19339,2.403061467084178e-09,7.605496039167154e-11
2700A,0.1957,2.378349467084178e-09,6.91289601110289e-11
2700A,0.198,2.0486554670841777e-09,6.450738524937067e-11
2700A,0.2003,1.993775467084178e-09,6.433458630339846e-11
2700A,0.2026,1.737093467084178e-09,6.10266599836e-11
2700A,0.2049,1.460542467084178e-09,4.654337375015616e-11
2700A,0.20721,1.396710467084178e-09,4.1504106378308227e-11
2700A,0.20951,1.168799467084178e-09,3.741912478584615e-11
2700A,0.21181,9.910909670841781e-10,3.336346742138661e-11
2700A,0.21411,8.77645667084178e-10,2.760870659494801e-11
2700A,0.21642,7.02039867084178e-10,2.2536462014260927e-11
2700A,0.21872,5.16019767084178e-10,1.8099392489700463e-11
2700A,0.22102,3.46597767084178e-10,1.0658225332667986e-11
2700A,0.22332,1.7979346708417798e-10,5.434156003930197e-12
2700A,0.22563,1.201916084178e-12,9.995180917798433e-13
2700A,0.22793,-1.14693115822e-13,1.0520379114126301e-12
